original_path,degraded_path,degradation,restored_path,corrected_path,psnr,ssim,niqe
originals/1 (869).jpg,degraded/1 (869)_gauss10.png,gauss_10,results/restored_paired/restored_1 (869)_gauss10_20251124_190913.png,results/restored_paired/corrected_1 (869)_gauss10_20251124_190913.png,30.11447734,0.823958652,4.395022495
originals/1 (869).jpg,degraded/1 (869)_gauss25.png,gauss_25,results/restored_paired/restored_1 (869)_gauss25_20251124_190914.png,results/restored_paired/corrected_1 (869)_gauss25_20251124_190914.png,25.13163848,0.654451193,4.459112178
originals/1 (869).jpg,degraded/1 (869)_blur3.png,blur_3,results/restored_paired/restored_1 (869)_blur3_20251124_190914.png,results/restored_paired/corrected_1 (869)_blur3_20251124_190914.png,32.09201796,0.924349391,3.975007257
originals/1 (869).jpg,degraded/1 (869)_blur7.png,blur_7,results/restored_paired/restored_1 (869)_blur7_20251124_190915.png,results/restored_paired/corrected_1 (869)_blur7_20251124_190915.png,32.17651828,0.91980184,4.02784301
originals/1 (869).jpg,degraded/1 (869)_x2.png,downs_up_x2,results/restored_paired/restored_1 (869)_x2_20251124_190915.png,results/restored_paired/corrected_1 (869)_x2_20251124_190915.png,32.04918926,0.921748845,4.259464376
originals/1 (869).jpg,degraded/1 (869)_x4.png,downs_up_x4,results/restored_paired/restored_1 (869)_x4_20251124_190916.png,results/restored_paired/corrected_1 (869)_x4_20251124_190916.png,31.58628159,0.903244792,4.238348186
originals/1 (869).jpg,degraded/1 (869)_jpg30.png,jpeg_30,results/restored_paired/restored_1 (869)_jpg30_20251124_190916.png,results/restored_paired/corrected_1 (869)_jpg30_20251124_190916.png,31.63149188,0.909424495,3.814615289
originals/1 (869).jpg,degraded/1 (869)_jpg10.png,jpeg_10,results/restored_paired/restored_1 (869)_jpg10_20251124_190917.png,results/restored_paired/corrected_1 (869)_jpg10_20251124_190917.png,30.95038576,0.871201188,3.825063614
originals/1 (870).jpg,degraded/1 (870)_gauss10.png,gauss_10,results/restored_paired/restored_1 (870)_gauss10_20251124_190918.png,results/restored_paired/corrected_1 (870)_gauss10_20251124_190918.png,25.82317284,0.70155966,3.064188642
originals/1 (870).jpg,degraded/1 (870)_gauss25.png,gauss_25,results/restored_paired/restored_1 (870)_gauss25_20251124_190919.png,results/restored_paired/corrected_1 (870)_gauss25_20251124_190919.png,22.48625024,0.538203749,3.512071932
originals/1 (870).jpg,degraded/1 (870)_blur3.png,blur_3,results/restored_paired/restored_1 (870)_blur3_20251124_190919.png,results/restored_paired/corrected_1 (870)_blur3_20251124_190919.png,26.71668021,0.763388153,3.632117029
originals/1 (870).jpg,degraded/1 (870)_blur7.png,blur_7,results/restored_paired/restored_1 (870)_blur7_20251124_190920.png,results/restored_paired/corrected_1 (870)_blur7_20251124_190920.png,25.78281109,0.685059096,3.985944489
originals/1 (870).jpg,degraded/1 (870)_x2.png,downs_up_x2,results/restored_paired/restored_1 (870)_x2_20251124_190922.png,results/restored_paired/corrected_1 (870)_x2_20251124_190922.png,26.57830469,0.740638749,3.635586752
originals/1 (870).jpg,degraded/1 (870)_x4.png,downs_up_x4,results/restored_paired/restored_1 (870)_x4_20251124_190922.png,results/restored_paired/corrected_1 (870)_x4_20251124_190922.png,26.10762468,0.645653771,4.106135477
originals/1 (870).jpg,degraded/1 (870)_jpg30.png,jpeg_30,results/restored_paired/restored_1 (870)_jpg30_20251124_190923.png,results/restored_paired/corrected_1 (870)_jpg30_20251124_190923.png,26.7695597,0.754042443,3.766415656
originals/1 (870).jpg,degraded/1 (870)_jpg10.png,jpeg_10,results/restored_paired/restored_1 (870)_jpg10_20251124_190924.png,results/restored_paired/corrected_1 (870)_jpg10_20251124_190924.png,25.12304496,0.654645072,3.659092517
originals/1 (980).jpg,degraded/1 (980)_gauss10.png,gauss_10,results/restored_paired/restored_1 (980)_gauss10_20251124_190926.png,results/restored_paired/corrected_1 (980)_gauss10_20251124_190926.png,28.00639896,0.694423675,4.036249683
originals/1 (980).jpg,degraded/1 (980)_gauss25.png,gauss_25,results/restored_paired/restored_1 (980)_gauss25_20251124_190927.png,results/restored_paired/corrected_1 (980)_gauss25_20251124_190927.png,22.75614171,0.471835884,4.395032444
originals/1 (980).jpg,degraded/1 (980)_blur3.png,blur_3,results/restored_paired/restored_1 (980)_blur3_20251124_190929.png,results/restored_paired/corrected_1 (980)_blur3_20251124_190929.png,30.13280998,0.868086002,4.578512663
originals/1 (980).jpg,degraded/1 (980)_blur7.png,blur_7,results/restored_paired/restored_1 (980)_blur7_20251124_190930.png,results/restored_paired/corrected_1 (980)_blur7_20251124_190930.png,29.4177051,0.84227591,5.124465562
originals/1 (980).jpg,degraded/1 (980)_x2.png,downs_up_x2,results/restored_paired/restored_1 (980)_x2_20251124_190933.png,results/restored_paired/corrected_1 (980)_x2_20251124_190933.png,29.78115959,0.855309397,4.68325235
originals/1 (980).jpg,degraded/1 (980)_x4.png,downs_up_x4,results/restored_paired/restored_1 (980)_x4_20251124_190934.png,results/restored_paired/corrected_1 (980)_x4_20251124_190934.png,28.82846257,0.823134753,5.310729006
originals/1 (980).jpg,degraded/1 (980)_jpg30.png,jpeg_30,results/restored_paired/restored_1 (980)_jpg30_20251124_190936.png,results/restored_paired/corrected_1 (980)_jpg30_20251124_190936.png,30.23479032,0.856490151,4.328848005
originals/1 (980).jpg,degraded/1 (980)_jpg10.png,jpeg_10,results/restored_paired/restored_1 (980)_jpg10_20251124_190938.png,results/restored_paired/corrected_1 (980)_jpg10_20251124_190938.png,28.84890662,0.812987934,4.923527288
originals/1 (981).jpg,degraded/1 (981)_gauss10.png,gauss_10,results/restored_paired/restored_1 (981)_gauss10_20251124_190939.png,results/restored_paired/corrected_1 (981)_gauss10_20251124_190939.png,28.12819789,0.700791697,4.666639584
originals/1 (981).jpg,degraded/1 (981)_gauss25.png,gauss_25,results/restored_paired/restored_1 (981)_gauss25_20251124_190940.png,results/restored_paired/corrected_1 (981)_gauss25_20251124_190940.png,22.80324731,0.445305359,5.29708229
originals/1 (981).jpg,degraded/1 (981)_blur3.png,blur_3,results/restored_paired/restored_1 (981)_blur3_20251124_190941.png,results/restored_paired/corrected_1 (981)_blur3_20251124_190941.png,32.07026718,0.941468779,4.839215624
originals/1 (981).jpg,degraded/1 (981)_blur7.png,blur_7,results/restored_paired/restored_1 (981)_blur7_20251124_190942.png,results/restored_paired/corrected_1 (981)_blur7_20251124_190942.png,30.9115414,0.915599497,5.076106622
originals/1 (981).jpg,degraded/1 (981)_x2.png,downs_up_x2,results/restored_paired/restored_1 (981)_x2_20251124_190942.png,results/restored_paired/corrected_1 (981)_x2_20251124_190942.png,31.50456371,0.928943486,4.57167603
originals/1 (981).jpg,degraded/1 (981)_x4.png,downs_up_x4,results/restored_paired/restored_1 (981)_x4_20251124_190943.png,results/restored_paired/corrected_1 (981)_x4_20251124_190943.png,29.35308819,0.889475804,5.736842482
originals/1 (981).jpg,degraded/1 (981)_jpg30.png,jpeg_30,results/restored_paired/restored_1 (981)_jpg30_20251124_190944.png,results/restored_paired/corrected_1 (981)_jpg30_20251124_190944.png,32.0763394,0.919621452,4.068742015
originals/1 (981).jpg,degraded/1 (981)_jpg10.png,jpeg_10,results/restored_paired/restored_1 (981)_jpg10_20251124_190945.png,results/restored_paired/corrected_1 (981)_jpg10_20251124_190945.png,30.73126933,0.885038848,4.555694202
originals/1 (982).jpg,degraded/1 (982)_gauss10.png,gauss_10,results/restored_paired/restored_1 (982)_gauss10_20251124_190947.png,results/restored_paired/corrected_1 (982)_gauss10_20251124_190947.png,28.65128632,0.699629744,5.231920432
originals/1 (982).jpg,degraded/1 (982)_gauss25.png,gauss_25,results/restored_paired/restored_1 (982)_gauss25_20251124_190948.png,results/restored_paired/corrected_1 (982)_gauss25_20251124_190948.png,21.40435784,0.340534978,5.522295847
originals/1 (982).jpg,degraded/1 (982)_blur3.png,blur_3,results/restored_paired/restored_1 (982)_blur3_20251124_190950.png,results/restored_paired/corrected_1 (982)_blur3_20251124_190950.png,37.34270118,0.966289944,5.050773353
originals/1 (982).jpg,degraded/1 (982)_blur7.png,blur_7,results/restored_paired/restored_1 (982)_blur7_20251124_190951.png,results/restored_paired/corrected_1 (982)_blur7_20251124_190951.png,36.3666149,0.948083126,5.55844538
originals/1 (982).jpg,degraded/1 (982)_x2.png,downs_up_x2,results/restored_paired/restored_1 (982)_x2_20251124_190953.png,results/restored_paired/corrected_1 (982)_x2_20251124_190953.png,36.78289548,0.955213231,5.254382992
originals/1 (982).jpg,degraded/1 (982)_x4.png,downs_up_x4,results/restored_paired/restored_1 (982)_x4_20251124_190955.png,results/restored_paired/corrected_1 (982)_x4_20251124_190955.png,34.53205504,0.93209209,5.515551126
originals/1 (982).jpg,degraded/1 (982)_jpg30.png,jpeg_30,results/restored_paired/restored_1 (982)_jpg30_20251124_190956.png,results/restored_paired/corrected_1 (982)_jpg30_20251124_190956.png,35.26880477,0.932682217,4.933055973
originals/1 (982).jpg,degraded/1 (982)_jpg10.png,jpeg_10,results/restored_paired/restored_1 (982)_jpg10_20251124_190958.png,results/restored_paired/corrected_1 (982)_jpg10_20251124_190958.png,31.80130303,0.873441117,5.575325265
originals/1 (983).jpg,degraded/1 (983)_gauss10.png,gauss_10,results/restored_paired/restored_1 (983)_gauss10_20251124_191004.png,results/restored_paired/corrected_1 (983)_gauss10_20251124_191004.png,25.83765021,0.730028779,4.108031211
originals/1 (983).jpg,degraded/1 (983)_gauss25.png,gauss_25,results/restored_paired/restored_1 (983)_gauss25_20251124_191015.png,results/restored_paired/corrected_1 (983)_gauss25_20251124_191015.png,21.85489485,0.428863867,5.195057947
originals/1 (983).jpg,degraded/1 (983)_blur3.png,blur_3,results/restored_paired/restored_1 (983)_blur3_20251124_191026.png,results/restored_paired/corrected_1 (983)_blur3_20251124_191026.png,26.35453325,0.870873424,4.519340128
originals/1 (983).jpg,degraded/1 (983)_blur7.png,blur_7,results/restored_paired/restored_1 (983)_blur7_20251124_191034.png,results/restored_paired/corrected_1 (983)_blur7_20251124_191034.png,25.59049827,0.839478062,5.444871679
originals/1 (983).jpg,degraded/1 (983)_x2.png,downs_up_x2,results/restored_paired/restored_1 (983)_x2_20251124_191042.png,results/restored_paired/corrected_1 (983)_x2_20251124_191042.png,25.96180928,0.855087444,4.486818527
originals/1 (983).jpg,degraded/1 (983)_x4.png,downs_up_x4,results/restored_paired/restored_1 (983)_x4_20251124_191051.png,results/restored_paired/corrected_1 (983)_x4_20251124_191051.png,24.92327311,0.816894826,7.214721792
originals/1 (983).jpg,degraded/1 (983)_jpg30.png,jpeg_30,results/restored_paired/restored_1 (983)_jpg30_20251124_191059.png,results/restored_paired/corrected_1 (983)_jpg30_20251124_191059.png,26.94461845,0.868575988,4.045036141
originals/1 (983).jpg,degraded/1 (983)_jpg10.png,jpeg_10,results/restored_paired/restored_1 (983)_jpg10_20251124_191106.png,results/restored_paired/corrected_1 (983)_jpg10_20251124_191106.png,26.07689981,0.835149229,4.844249373
originals/1 (984).jpg,degraded/1 (984)_gauss10.png,gauss_10,results/restored_paired/restored_1 (984)_gauss10_20251124_191135.png,results/restored_paired/corrected_1 (984)_gauss10_20251124_191135.png,28.49757225,0.660861481,9.46649037
originals/1 (984).jpg,degraded/1 (984)_gauss25.png,gauss_25,results/restored_paired/restored_1 (984)_gauss25_20251124_191213.png,results/restored_paired/corrected_1 (984)_gauss25_20251124_191213.png,21.20718456,0.297205411,12.29334143
originals/1 (984).jpg,degraded/1 (984)_blur3.png,blur_3,results/restored_paired/restored_1 (984)_blur3_20251124_191250.png,results/restored_paired/corrected_1 (984)_blur3_20251124_191250.png,42.76424508,0.989581593,6.524434354
originals/1 (984).jpg,degraded/1 (984)_blur7.png,blur_7,results/restored_paired/restored_1 (984)_blur7_20251124_191327.png,results/restored_paired/corrected_1 (984)_blur7_20251124_191327.png,37.87626796,0.964083454,7.407223311
originals/1 (984).jpg,degraded/1 (984)_x2.png,downs_up_x2,results/restored_paired/restored_1 (984)_x2_20251124_191404.png,results/restored_paired/corrected_1 (984)_x2_20251124_191404.png,40.17171938,0.981428378,6.153367032
originals/1 (984).jpg,degraded/1 (984)_x4.png,downs_up_x4,results/restored_paired/restored_1 (984)_x4_20251124_191440.png,results/restored_paired/corrected_1 (984)_x4_20251124_191440.png,35.34213862,0.937199897,8.032932411
originals/1 (984).jpg,degraded/1 (984)_jpg30.png,jpeg_30,results/restored_paired/restored_1 (984)_jpg30_20251124_191517.png,results/restored_paired/corrected_1 (984)_jpg30_20251124_191517.png,38.75430538,0.9688064,5.742709929
originals/1 (984).jpg,degraded/1 (984)_jpg10.png,jpeg_10,results/restored_paired/restored_1 (984)_jpg10_20251124_191549.png,results/restored_paired/corrected_1 (984)_jpg10_20251124_191549.png,32.61890032,0.90207849,8.42631043
originals/1 (985).jpg,degraded/1 (985)_gauss10.png,gauss_10,results/restored_paired/restored_1 (985)_gauss10_20251124_191553.png,results/restored_paired/corrected_1 (985)_gauss10_20251124_191553.png,30.40051643,0.85483828,5.962164259
originals/1 (985).jpg,degraded/1 (985)_gauss25.png,gauss_25,results/restored_paired/restored_1 (985)_gauss25_20251124_191553.png,results/restored_paired/corrected_1 (985)_gauss25_20251124_191553.png,24.09567325,0.633513314,6.145222905
originals/1 (985).jpg,degraded/1 (985)_blur3.png,blur_3,results/restored_paired/restored_1 (985)_blur3_20251124_191554.png,results/restored_paired/corrected_1 (985)_blur3_20251124_191554.png,32.14915017,0.942264515,5.226453976
originals/1 (985).jpg,degraded/1 (985)_blur7.png,blur_7,results/restored_paired/restored_1 (985)_blur7_20251124_191554.png,results/restored_paired/corrected_1 (985)_blur7_20251124_191554.png,28.93757133,0.892140909,6.458578351
originals/1 (985).jpg,degraded/1 (985)_x2.png,downs_up_x2,results/restored_paired/restored_1 (985)_x2_20251124_191554.png,results/restored_paired/corrected_1 (985)_x2_20251124_191554.png,29.95148086,0.910278823,6.012490729
originals/1 (985).jpg,degraded/1 (985)_x4.png,downs_up_x4,results/restored_paired/restored_1 (985)_x4_20251124_191555.png,results/restored_paired/corrected_1 (985)_x4_20251124_191555.png,25.8483836,0.818886022,5.842550259
originals/1 (985).jpg,degraded/1 (985)_jpg30.png,jpeg_30,results/restored_paired/restored_1 (985)_jpg30_20251124_191555.png,results/restored_paired/corrected_1 (985)_jpg30_20251124_191555.png,31.96329805,0.913069502,5.357523828
originals/1 (985).jpg,degraded/1 (985)_jpg10.png,jpeg_10,results/restored_paired/restored_1 (985)_jpg10_20251124_191556.png,results/restored_paired/corrected_1 (985)_jpg10_20251124_191556.png,29.04528886,0.847597252,6.218533727
originals/1 (986).jpg,degraded/1 (986)_gauss10.png,gauss_10,results/restored_paired/restored_1 (986)_gauss10_20251124_191556.png,results/restored_paired/corrected_1 (986)_gauss10_20251124_191556.png,25.4392946,0.801583273,3.93175352
originals/1 (986).jpg,degraded/1 (986)_gauss25.png,gauss_25,results/restored_paired/restored_1 (986)_gauss25_20251124_191556.png,results/restored_paired/corrected_1 (986)_gauss25_20251124_191556.png,22.14054518,0.642626217,3.914460568
originals/1 (986).jpg,degraded/1 (986)_blur3.png,blur_3,results/restored_paired/restored_1 (986)_blur3_20251124_191557.png,results/restored_paired/corrected_1 (986)_blur3_20251124_191557.png,25.81837611,0.843397833,3.452459388
originals/1 (986).jpg,degraded/1 (986)_blur7.png,blur_7,results/restored_paired/restored_1 (986)_blur7_20251124_191557.png,results/restored_paired/corrected_1 (986)_blur7_20251124_191557.png,24.76025568,0.76651732,4.926063742
originals/1 (986).jpg,degraded/1 (986)_x2.png,downs_up_x2,results/restored_paired/restored_1 (986)_x2_20251124_191558.png,results/restored_paired/corrected_1 (986)_x2_20251124_191558.png,24.87031744,0.793085203,4.530075966
originals/1 (986).jpg,degraded/1 (986)_x4.png,downs_up_x4,results/restored_paired/restored_1 (986)_x4_20251124_191558.png,results/restored_paired/corrected_1 (986)_x4_20251124_191558.png,22.80581067,0.648503205,3.671212781
originals/1 (986).jpg,degraded/1 (986)_jpg30.png,jpeg_30,results/restored_paired/restored_1 (986)_jpg30_20251124_191558.png,results/restored_paired/corrected_1 (986)_jpg30_20251124_191558.png,25.09262756,0.809557674,3.48412764
originals/1 (986).jpg,degraded/1 (986)_jpg10.png,jpeg_10,results/restored_paired/restored_1 (986)_jpg10_20251124_191559.png,results/restored_paired/corrected_1 (986)_jpg10_20251124_191559.png,24.33070146,0.742492049,3.869291289
originals/1 (987).jpg,degraded/1 (987)_gauss10.png,gauss_10,results/restored_paired/restored_1 (987)_gauss10_20251124_191600.png,results/restored_paired/corrected_1 (987)_gauss10_20251124_191600.png,28.47979172,0.68755476,4.31141875
originals/1 (987).jpg,degraded/1 (987)_gauss25.png,gauss_25,results/restored_paired/restored_1 (987)_gauss25_20251124_191601.png,results/restored_paired/corrected_1 (987)_gauss25_20251124_191601.png,22.47524323,0.43486526,4.358338276
originals/1 (987).jpg,degraded/1 (987)_blur3.png,blur_3,results/restored_paired/restored_1 (987)_blur3_20251124_191603.png,results/restored_paired/corrected_1 (987)_blur3_20251124_191603.png,33.10417201,0.94571461,4.667870162
originals/1 (987).jpg,degraded/1 (987)_blur7.png,blur_7,results/restored_paired/restored_1 (987)_blur7_20251124_191604.png,results/restored_paired/corrected_1 (987)_blur7_20251124_191604.png,32.44882145,0.93411618,4.833680697
originals/1 (987).jpg,degraded/1 (987)_x2.png,downs_up_x2,results/restored_paired/restored_1 (987)_x2_20251124_191606.png,results/restored_paired/corrected_1 (987)_x2_20251124_191606.png,32.88584194,0.941377879,4.764885174
originals/1 (987).jpg,degraded/1 (987)_x4.png,downs_up_x4,results/restored_paired/restored_1 (987)_x4_20251124_191607.png,results/restored_paired/corrected_1 (987)_x4_20251124_191607.png,31.61660816,0.922445259,4.680768044
originals/1 (987).jpg,degraded/1 (987)_jpg30.png,jpeg_30,results/restored_paired/restored_1 (987)_jpg30_20251124_191609.png,results/restored_paired/corrected_1 (987)_jpg30_20251124_191609.png,33.06613041,0.940287268,4.547127344
originals/1 (987).jpg,degraded/1 (987)_jpg10.png,jpeg_10,results/restored_paired/restored_1 (987)_jpg10_20251124_191610.png,results/restored_paired/corrected_1 (987)_jpg10_20251124_191610.png,31.58170368,0.916958333,4.538112751
originals/1 (988).jpg,degraded/1 (988)_gauss10.png,gauss_10,results/restored_paired/restored_1 (988)_gauss10_20251124_191612.png,results/restored_paired/corrected_1 (988)_gauss10_20251124_191612.png,26.64281898,0.653120054,4.785212326
originals/1 (988).jpg,degraded/1 (988)_gauss25.png,gauss_25,results/restored_paired/restored_1 (988)_gauss25_20251124_191615.png,results/restored_paired/corrected_1 (988)_gauss25_20251124_191615.png,21.96896072,0.401966516,5.438344777
originals/1 (988).jpg,degraded/1 (988)_blur3.png,blur_3,results/restored_paired/restored_1 (988)_blur3_20251124_191619.png,results/restored_paired/corrected_1 (988)_blur3_20251124_191619.png,28.59913927,0.826859612,5.771274285
originals/1 (988).jpg,degraded/1 (988)_blur7.png,blur_7,results/restored_paired/restored_1 (988)_blur7_20251124_191622.png,results/restored_paired/corrected_1 (988)_blur7_20251124_191622.png,28.20811959,0.770431655,7.202302642
originals/1 (988).jpg,degraded/1 (988)_x2.png,downs_up_x2,results/restored_paired/restored_1 (988)_x2_20251124_191625.png,results/restored_paired/corrected_1 (988)_x2_20251124_191625.png,28.35697273,0.794196311,5.784929864
originals/1 (988).jpg,degraded/1 (988)_x4.png,downs_up_x4,results/restored_paired/restored_1 (988)_x4_20251124_191629.png,results/restored_paired/corrected_1 (988)_x4_20251124_191629.png,27.74927017,0.739746271,7.744136094
originals/1 (988).jpg,degraded/1 (988)_jpg30.png,jpeg_30,results/restored_paired/restored_1 (988)_jpg30_20251124_191633.png,results/restored_paired/corrected_1 (988)_jpg30_20251124_191633.png,28.23455706,0.764738811,5.6085902
originals/1 (988).jpg,degraded/1 (988)_jpg10.png,jpeg_10,results/restored_paired/restored_1 (988)_jpg10_20251124_191635.png,results/restored_paired/corrected_1 (988)_jpg10_20251124_191635.png,27.68312946,0.720359466,6.998409737
originals/1 (989).jpg,degraded/1 (989)_gauss10.png,gauss_10,results/restored_paired/restored_1 (989)_gauss10_20251124_191637.png,results/restored_paired/corrected_1 (989)_gauss10_20251124_191637.png,27.38082604,0.694618806,4.690381873
originals/1 (989).jpg,degraded/1 (989)_gauss25.png,gauss_25,results/restored_paired/restored_1 (989)_gauss25_20251124_191639.png,results/restored_paired/corrected_1 (989)_gauss25_20251124_191639.png,22.27108116,0.467116079,4.824308158
originals/1 (989).jpg,degraded/1 (989)_blur3.png,blur_3,results/restored_paired/restored_1 (989)_blur3_20251124_191640.png,results/restored_paired/corrected_1 (989)_blur3_20251124_191640.png,29.93061618,0.902990349,5.731098794
originals/1 (989).jpg,degraded/1 (989)_blur7.png,blur_7,results/restored_paired/restored_1 (989)_blur7_20251124_191642.png,results/restored_paired/corrected_1 (989)_blur7_20251124_191642.png,29.8276975,0.892362345,5.517816047
originals/1 (989).jpg,degraded/1 (989)_x2.png,downs_up_x2,results/restored_paired/restored_1 (989)_x2_20251124_191644.png,results/restored_paired/corrected_1 (989)_x2_20251124_191644.png,29.90371578,0.899500021,5.696892433
originals/1 (989).jpg,degraded/1 (989)_x4.png,downs_up_x4,results/restored_paired/restored_1 (989)_x4_20251124_191645.png,results/restored_paired/corrected_1 (989)_x4_20251124_191645.png,29.59434126,0.881064656,5.605164617
originals/1 (989).jpg,degraded/1 (989)_jpg30.png,jpeg_30,results/restored_paired/restored_1 (989)_jpg30_20251124_191647.png,results/restored_paired/corrected_1 (989)_jpg30_20251124_191647.png,29.93917731,0.889943807,5.433695366
originals/1 (989).jpg,degraded/1 (989)_jpg10.png,jpeg_10,results/restored_paired/restored_1 (989)_jpg10_20251124_191648.png,results/restored_paired/corrected_1 (989)_jpg10_20251124_191648.png,29.54680508,0.850522754,5.66445674
originals/1 (99).jpg,degraded/1 (99)_gauss10.png,gauss_10,results/restored_paired/restored_1 (99)_gauss10_20251124_191703.png,results/restored_paired/corrected_1 (99)_gauss10_20251124_191703.png,28.3019112,0.831097335,6.786119746
originals/1 (99).jpg,degraded/1 (99)_gauss25.png,gauss_25,results/restored_paired/restored_1 (99)_gauss25_20251124_191723.png,results/restored_paired/corrected_1 (99)_gauss25_20251124_191723.png,20.75703216,0.521989627,10.67769627
originals/1 (99).jpg,degraded/1 (99)_blur3.png,blur_3,results/restored_paired/restored_1 (99)_blur3_20251124_191743.png,results/restored_paired/corrected_1 (99)_blur3_20251124_191743.png,33.59763869,0.909189795,5.259301908
originals/1 (99).jpg,degraded/1 (99)_blur7.png,blur_7,results/restored_paired/restored_1 (99)_blur7_20251124_191808.png,results/restored_paired/corrected_1 (99)_blur7_20251124_191808.png,28.81347513,0.797117001,6.835706801
originals/1 (99).jpg,degraded/1 (99)_x2.png,downs_up_x2,results/restored_paired/restored_1 (99)_x2_20251124_191832.png,results/restored_paired/corrected_1 (99)_x2_20251124_191832.png,31.15561443,0.855388954,5.577686336
originals/1 (99).jpg,degraded/1 (99)_x4.png,downs_up_x4,results/restored_paired/restored_1 (99)_x4_20251124_191857.png,results/restored_paired/corrected_1 (99)_x4_20251124_191857.png,26.38969653,0.714026688,8.554466105
originals/1 (99).jpg,degraded/1 (99)_jpg30.png,jpeg_30,results/restored_paired/restored_1 (99)_jpg30_20251124_191921.png,results/restored_paired/corrected_1 (99)_jpg30_20251124_191921.png,31.35499636,0.844215851,4.754597707
originals/1 (99).jpg,degraded/1 (99)_jpg10.png,jpeg_10,results/restored_paired/restored_1 (99)_jpg10_20251124_191941.png,results/restored_paired/corrected_1 (99)_jpg10_20251124_191941.png,28.06848354,0.757028265,6.947083494
originals/1 (990).jpg,degraded/1 (990)_gauss10.png,gauss_10,results/restored_paired/restored_1 (990)_gauss10_20251124_191947.png,results/restored_paired/corrected_1 (990)_gauss10_20251124_191947.png,29.37690251,0.59587113,4.927280116
originals/1 (990).jpg,degraded/1 (990)_gauss25.png,gauss_25,results/restored_paired/restored_1 (990)_gauss25_20251124_191948.png,results/restored_paired/corrected_1 (990)_gauss25_20251124_191948.png,23.65273826,0.428187165,4.98943378
originals/1 (990).jpg,degraded/1 (990)_blur3.png,blur_3,results/restored_paired/restored_1 (990)_blur3_20251124_191950.png,results/restored_paired/corrected_1 (990)_blur3_20251124_191950.png,33.52074304,0.894944491,5.488576195
originals/1 (990).jpg,degraded/1 (990)_blur7.png,blur_7,results/restored_paired/restored_1 (990)_blur7_20251124_191951.png,results/restored_paired/corrected_1 (990)_blur7_20251124_191951.png,33.4637838,0.883734911,5.628380692
originals/1 (990).jpg,degraded/1 (990)_x2.png,downs_up_x2,results/restored_paired/restored_1 (990)_x2_20251124_191953.png,results/restored_paired/corrected_1 (990)_x2_20251124_191953.png,33.53357404,0.891150715,5.405716053
originals/1 (990).jpg,degraded/1 (990)_x4.png,downs_up_x4,results/restored_paired/restored_1 (990)_x4_20251124_191954.png,results/restored_paired/corrected_1 (990)_x4_20251124_191954.png,33.52636196,0.874017596,5.570069364
originals/1 (990).jpg,degraded/1 (990)_jpg30.png,jpeg_30,results/restored_paired/restored_1 (990)_jpg30_20251124_191956.png,results/restored_paired/corrected_1 (990)_jpg30_20251124_191956.png,33.61494279,0.87630695,5.219618211
originals/1 (990).jpg,degraded/1 (990)_jpg10.png,jpeg_10,results/restored_paired/restored_1 (990)_jpg10_20251124_191957.png,results/restored_paired/corrected_1 (990)_jpg10_20251124_191957.png,32.12431992,0.841195331,5.51622552
originals/1 (991).jpg,degraded/1 (991)_gauss10.png,gauss_10,results/restored_paired/restored_1 (991)_gauss10_20251124_191959.png,results/restored_paired/corrected_1 (991)_gauss10_20251124_191959.png,22.29857609,0.391088862,4.351324292
originals/1 (991).jpg,degraded/1 (991)_gauss25.png,gauss_25,results/restored_paired/restored_1 (991)_gauss25_20251124_192000.png,results/restored_paired/corrected_1 (991)_gauss25_20251124_192000.png,21.22327792,0.23012831,3.862799074
originals/1 (991).jpg,degraded/1 (991)_blur3.png,blur_3,results/restored_paired/restored_1 (991)_blur3_20251124_192001.png,results/restored_paired/corrected_1 (991)_blur3_20251124_192001.png,22.34611974,0.74375654,3.9558967
originals/1 (991).jpg,degraded/1 (991)_blur7.png,blur_7,results/restored_paired/restored_1 (991)_blur7_20251124_192001.png,results/restored_paired/corrected_1 (991)_blur7_20251124_192001.png,22.05589572,0.727622719,4.271628535
originals/1 (991).jpg,degraded/1 (991)_x2.png,downs_up_x2,results/restored_paired/restored_1 (991)_x2_20251124_192002.png,results/restored_paired/corrected_1 (991)_x2_20251124_192002.png,22.1622045,0.733877621,4.429782303
originals/1 (991).jpg,degraded/1 (991)_x4.png,downs_up_x4,results/restored_paired/restored_1 (991)_x4_20251124_192003.png,results/restored_paired/corrected_1 (991)_x4_20251124_192003.png,21.53118486,0.710290214,4.812031089
originals/1 (991).jpg,degraded/1 (991)_jpg30.png,jpeg_30,results/restored_paired/restored_1 (991)_jpg30_20251124_192004.png,results/restored_paired/corrected_1 (991)_jpg30_20251124_192004.png,22.5258059,0.752675632,3.837889532
originals/1 (991).jpg,degraded/1 (991)_jpg10.png,jpeg_10,results/restored_paired/restored_1 (991)_jpg10_20251124_192005.png,results/restored_paired/corrected_1 (991)_jpg10_20251124_192005.png,22.53444826,0.742119945,3.937957117
originals/1 (992).jpg,degraded/1 (992)_gauss10.png,gauss_10,results/restored_paired/restored_1 (992)_gauss10_20251124_192006.png,results/restored_paired/corrected_1 (992)_gauss10_20251124_192006.png,26.65856501,0.698361432,4.203176769
originals/1 (992).jpg,degraded/1 (992)_gauss25.png,gauss_25,results/restored_paired/restored_1 (992)_gauss25_20251124_192007.png,results/restored_paired/corrected_1 (992)_gauss25_20251124_192007.png,23.75336162,0.541152821,4.524899155
originals/1 (992).jpg,degraded/1 (992)_blur3.png,blur_3,results/restored_paired/restored_1 (992)_blur3_20251124_192009.png,results/restored_paired/corrected_1 (992)_blur3_20251124_192009.png,27.62169411,0.826699086,5.585658727
originals/1 (992).jpg,degraded/1 (992)_blur7.png,blur_7,results/restored_paired/restored_1 (992)_blur7_20251124_192011.png,results/restored_paired/corrected_1 (992)_blur7_20251124_192011.png,27.3278777,0.810835875,5.649755378
originals/1 (992).jpg,degraded/1 (992)_x2.png,downs_up_x2,results/restored_paired/restored_1 (992)_x2_20251124_192012.png,results/restored_paired/corrected_1 (992)_x2_20251124_192012.png,27.45252122,0.82001531,5.426393323
originals/1 (992).jpg,degraded/1 (992)_x4.png,downs_up_x4,results/restored_paired/restored_1 (992)_x4_20251124_192013.png,results/restored_paired/corrected_1 (992)_x4_20251124_192013.png,26.85351002,0.790930819,6.178849734
originals/1 (992).jpg,degraded/1 (992)_jpg30.png,jpeg_30,results/restored_paired/restored_1 (992)_jpg30_20251124_192015.png,results/restored_paired/corrected_1 (992)_jpg30_20251124_192015.png,27.55875989,0.814866548,5.258058448
originals/1 (992).jpg,degraded/1 (992)_jpg10.png,jpeg_10,results/restored_paired/restored_1 (992)_jpg10_20251124_192016.png,results/restored_paired/corrected_1 (992)_jpg10_20251124_192016.png,27.10732704,0.779259864,5.568657913
originals/1 (993).jpg,degraded/1 (993)_gauss10.png,gauss_10,results/restored_paired/restored_1 (993)_gauss10_20251124_192030.png,results/restored_paired/corrected_1 (993)_gauss10_20251124_192030.png,29.22558392,0.69700148,4.674592597
originals/1 (993).jpg,degraded/1 (993)_gauss25.png,gauss_25,results/restored_paired/restored_1 (993)_gauss25_20251124_192050.png,results/restored_paired/corrected_1 (993)_gauss25_20251124_192050.png,21.44650956,0.449684566,8.584505017
originals/1 (993).jpg,degraded/1 (993)_blur3.png,blur_3,results/restored_paired/restored_1 (993)_blur3_20251124_192108.png,results/restored_paired/corrected_1 (993)_blur3_20251124_192108.png,31.82679843,0.956101323,4.405522125
originals/1 (993).jpg,degraded/1 (993)_blur7.png,blur_7,results/restored_paired/restored_1 (993)_blur7_20251124_192127.png,results/restored_paired/corrected_1 (993)_blur7_20251124_192127.png,25.98240693,0.848374401,6.272794909
originals/1 (993).jpg,degraded/1 (993)_x2.png,downs_up_x2,results/restored_paired/restored_1 (993)_x2_20251124_192144.png,results/restored_paired/corrected_1 (993)_x2_20251124_192144.png,29.12449137,0.918875383,5.390195064
originals/1 (993).jpg,degraded/1 (993)_x4.png,downs_up_x4,results/restored_paired/restored_1 (993)_x4_20251124_192202.png,results/restored_paired/corrected_1 (993)_x4_20251124_192202.png,23.31091183,0.761966159,9.816483061
originals/1 (993).jpg,degraded/1 (993)_jpg30.png,jpeg_30,results/restored_paired/restored_1 (993)_jpg30_20251124_192220.png,results/restored_paired/corrected_1 (993)_jpg30_20251124_192220.png,32.15328704,0.924094687,4.348051272
originals/1 (993).jpg,degraded/1 (993)_jpg10.png,jpeg_10,results/restored_paired/restored_1 (993)_jpg10_20251124_192237.png,results/restored_paired/corrected_1 (993)_jpg10_20251124_192237.png,28.40656601,0.84113333,6.229806843
originals/1 (994).jpg,degraded/1 (994)_gauss10.png,gauss_10,results/restored_paired/restored_1 (994)_gauss10_20251124_192241.png,results/restored_paired/corrected_1 (994)_gauss10_20251124_192241.png,26.62395246,0.748279408,3.881726872
originals/1 (994).jpg,degraded/1 (994)_gauss25.png,gauss_25,results/restored_paired/restored_1 (994)_gauss25_20251124_192242.png,results/restored_paired/corrected_1 (994)_gauss25_20251124_192242.png,23.9924262,0.638587429,3.652284929
originals/1 (994).jpg,degraded/1 (994)_blur3.png,blur_3,results/restored_paired/restored_1 (994)_blur3_20251124_192243.png,results/restored_paired/corrected_1 (994)_blur3_20251124_192243.png,27.83395897,0.831355095,3.859179875
originals/1 (994).jpg,degraded/1 (994)_blur7.png,blur_7,results/restored_paired/restored_1 (994)_blur7_20251124_192244.png,results/restored_paired/corrected_1 (994)_blur7_20251124_192244.png,27.06745364,0.801332968,4.173672489
originals/1 (994).jpg,degraded/1 (994)_x2.png,downs_up_x2,results/restored_paired/restored_1 (994)_x2_20251124_192245.png,results/restored_paired/corrected_1 (994)_x2_20251124_192245.png,27.23500335,0.812868947,4.021482804
originals/1 (994).jpg,degraded/1 (994)_x4.png,downs_up_x4,results/restored_paired/restored_1 (994)_x4_20251124_192246.png,results/restored_paired/corrected_1 (994)_x4_20251124_192246.png,26.85020862,0.782019599,3.951774267
originals/1 (994).jpg,degraded/1 (994)_jpg30.png,jpeg_30,results/restored_paired/restored_1 (994)_jpg30_20251124_192247.png,results/restored_paired/corrected_1 (994)_jpg30_20251124_192247.png,27.40783127,0.820808884,3.573347917
originals/1 (994).jpg,degraded/1 (994)_jpg10.png,jpeg_10,results/restored_paired/restored_1 (994)_jpg10_20251124_192248.png,results/restored_paired/corrected_1 (994)_jpg10_20251124_192248.png,27.49678904,0.793592103,3.862366997
originals/1 (995).jpg,degraded/1 (995)_gauss10.png,gauss_10,results/restored_paired/restored_1 (995)_gauss10_20251124_192249.png,results/restored_paired/corrected_1 (995)_gauss10_20251124_192249.png,28.29686211,0.738235965,4.730175423
originals/1 (995).jpg,degraded/1 (995)_gauss25.png,gauss_25,results/restored_paired/restored_1 (995)_gauss25_20251124_192250.png,results/restored_paired/corrected_1 (995)_gauss25_20251124_192250.png,22.12135245,0.496653541,5.206917341
originals/1 (995).jpg,degraded/1 (995)_blur3.png,blur_3,results/restored_paired/restored_1 (995)_blur3_20251124_192250.png,results/restored_paired/corrected_1 (995)_blur3_20251124_192250.png,32.29224206,0.940367206,4.382972821
originals/1 (995).jpg,degraded/1 (995)_blur7.png,blur_7,results/restored_paired/restored_1 (995)_blur7_20251124_192251.png,results/restored_paired/corrected_1 (995)_blur7_20251124_192251.png,33.06498247,0.936745764,4.608820303
originals/1 (995).jpg,degraded/1 (995)_x2.png,downs_up_x2,results/restored_paired/restored_1 (995)_x2_20251124_192252.png,results/restored_paired/corrected_1 (995)_x2_20251124_192252.png,33.25496962,0.945367069,4.276993658
originals/1 (995).jpg,degraded/1 (995)_x4.png,downs_up_x4,results/restored_paired/restored_1 (995)_x4_20251124_192253.png,results/restored_paired/corrected_1 (995)_x4_20251124_192253.png,31.27828524,0.907744031,4.930654101
originals/1 (995).jpg,degraded/1 (995)_jpg30.png,jpeg_30,results/restored_paired/restored_1 (995)_jpg30_20251124_192254.png,results/restored_paired/corrected_1 (995)_jpg30_20251124_192254.png,31.90485959,0.922075807,3.977754697
originals/1 (995).jpg,degraded/1 (995)_jpg10.png,jpeg_10,results/restored_paired/restored_1 (995)_jpg10_20251124_192255.png,results/restored_paired/corrected_1 (995)_jpg10_20251124_192255.png,30.63123434,0.883882713,4.517390267
originals/1 (996).jpg,degraded/1 (996)_gauss10.png,gauss_10,results/restored_paired/restored_1 (996)_gauss10_20251124_192256.png,results/restored_paired/corrected_1 (996)_gauss10_20251124_192256.png,26.59182516,0.710467054,4.765639155
originals/1 (996).jpg,degraded/1 (996)_gauss25.png,gauss_25,results/restored_paired/restored_1 (996)_gauss25_20251124_192257.png,results/restored_paired/corrected_1 (996)_gauss25_20251124_192257.png,22.85201559,0.531924601,4.748599896
originals/1 (996).jpg,degraded/1 (996)_blur3.png,blur_3,results/restored_paired/restored_1 (996)_blur3_20251124_192258.png,results/restored_paired/corrected_1 (996)_blur3_20251124_192258.png,28.36176399,0.879101368,5.926436333
originals/1 (996).jpg,degraded/1 (996)_blur7.png,blur_7,results/restored_paired/restored_1 (996)_blur7_20251124_192300.png,results/restored_paired/corrected_1 (996)_blur7_20251124_192300.png,28.10910619,0.859819225,6.009538085
originals/1 (996).jpg,degraded/1 (996)_x2.png,downs_up_x2,results/restored_paired/restored_1 (996)_x2_20251124_192302.png,results/restored_paired/corrected_1 (996)_x2_20251124_192302.png,28.2549555,0.870919237,5.817445215
originals/1 (996).jpg,degraded/1 (996)_x4.png,downs_up_x4,results/restored_paired/restored_1 (996)_x4_20251124_192304.png,results/restored_paired/corrected_1 (996)_x4_20251124_192304.png,27.66026687,0.840067476,5.892891553
originals/1 (996).jpg,degraded/1 (996)_jpg30.png,jpeg_30,results/restored_paired/restored_1 (996)_jpg30_20251124_192305.png,results/restored_paired/corrected_1 (996)_jpg30_20251124_192305.png,28.3419051,0.865921327,5.318621722
originals/1 (996).jpg,degraded/1 (996)_jpg10.png,jpeg_10,results/restored_paired/restored_1 (996)_jpg10_20251124_192306.png,results/restored_paired/corrected_1 (996)_jpg10_20251124_192306.png,27.81787023,0.826076086,5.360624507
